Title,Price,Rating
essence | | Lash Princess False Lash Effect Mascara | Volumizing & Lengthening | Cruelty Free & Paraben Free,N/A,4.3
"L'Oreal | Paris Makeup True Match Lumi Glotion, Natural Glow Enhancer, Illuminator Highlighter, Bronzing Drops For a Sun-Kissed Glow, 903 Medium",$13.98,4.6
"Maybelline | Lash Sensational Sky High Washable Mascara Makeup, Volumizing, Lengthening, Defining, Curling, Multiplying, Buildable Formula, Blackest Black, 1 Count",$9.98,4.5
"e.l.f. | Power Grip Primer, Gel-Based & Hydrating Face Primer For Smoothing Skin & Gripping Makeup, Moisturizes & Primes, 0.811 Fl Oz (24 ml.)",$9.98,4.6
"L'Oreal | Paris Makeup Telescopic Original Lengthening Mascara, Blackest Black, 0.27 Fl Oz (1 Count)",$9.73,4.5
"IT | Cosmetics Your Skin But Better CC+ Cream - Color Correcting Cream, Full-Coverage Foundation, Hydrating Serum & SPF 50+ Sunscreen - Natural Finish - 1.08 fl oz",$47.00,4.5
Grande | Cosmetics GrandeLASH-MD Lash Enhancing Serum,$36.00,4.2
"NYX | PROFESSIONAL MAKEUP Epic Ink Liner, Waterproof Liquid Eyeliner - Black, Vegan Formula",$8.13,4.5
"LANEIGE | Lip Glowy Balm Hydrate, Glossy, Lightweight, Moisturize & Tint with Shea Butter",$19.00,4.7
"e.l.f. | Glow Reviver Lip Oil, Nourishing Tinted Lip Oil For A High-shine Finish, Infused With Jojoba Oil, Vegan & Cruelty-free, Rose Envy",$8.00,4.6
"e.l.f. | Monochromatic Multi Stick, Luxuriously Creamy & Blendable Color, For Eyes, Lips & Cheeks, Dazzling Peony, 0.155 Oz (4.4g)",$5.00,4.3
"Maybelline | Instant Age Rewind Eraser Dark Circles Treatment Multi-Use Concealer, 110, 1 Count (Packaging May Vary)",$8.49,4.4
"e.l.f. | No Budge Retractable Eyeliner, Creamy, Ultra-Pigmented & Waterproof, Creates Bold & Defined Lines, Vegan & Cruelty-Free, Black 0.006 Oz",$3.49,4.4
"L'Oreal | Paris Voluminous Makeup Lash Paradise Mascara, Voluptuous Volume, Intense Length, Feathery Soft Full Lashes, No Flaking, No Smudging, No Clumping, Blackest Black, 1 Count",$9.96,4.4
"Neutrogena | Makeup Remover Wipes, Individually Wrapped Daily Face Wipes for Waterproof Makeup, Travel & On-the-Go Singles, 20 Count",$6.88,4.8
"NYX | PROFESSIONAL MAKEUP Mechanical Eye Pencil,Vivid Rich Mechanical, Creamy Retractable Eyeliner - Always Onyx, Black Eyeliner",$6.89,4.5
"NYX | PROFESSIONAL MAKEUP Fat Oil Lip Drip, Moisturizing, Shiny and Vegan Tinted Lip Gloss - Missed Call (Sheer Pink)",$8.97,4.5
"Neutrogena | Makeup Remover Wipes, Ultra-Soft Cleansing Facial Towelettes for Waterproof Makeup, Alcohol-Free, Plant-Based, Twin Pack, 25 Count (Pack of 2)",$9.97,4.8
8 | Pieces Triangle Powder Puff Face Soft Triangle Makeup Puff Velour Cosmetic Foundation Blender Sponge Beauty Makeup Tools,$3.99,4.6
"NYX | PROFESSIONAL MAKEUP The Brow Glue, Extreme Hold Eyebrow Gel - Clear",$9.97,4.3
"e.l.f., | Instant Lift Brow Pencil, Dual-Sided, Precise, Fine Tip, Shapes, Defines, Fills Brows, Contours, Combs, Tames, Neutral Brown, 0.006 Oz",$3.00,4.5
"NYX | PROFESSIONAL MAKEUP Jumbo Eye Pencil, Blendable Eyeshadow Stick & Eyeliner Pencil - Milk",$5.85,4.3
"e.l.f. | Poreless Face Primer, Restoring Makeup Primer For A Flawless, Smooth Canvas, Infused With Tea Tree & Vitamin A, Vegan & Cruelty-Free, 0.47 Fl Oz",$7.83,4.4
"e.l.f. | Hydrating Camo Concealer, Lightweight, Full Coverage, Long Lasting, Conceals, Corrects, Covers, Hydrates, Highlights, Light Sand, Satin Finish, 25 Shades, All-Day Wear, 0.20 Fl Oz",$7.00,4.4
"Revlon | ColorStay Pencil Waterproof Eyeliner, Smudge-Proof, Eye Makeup with Built-In Sharpener, Packaging May Vary, 201 Black, 2 pack",$11.38,4.5
"Maybelline | Hyper Easy Liquid Pen No-Skip Eyeliner, Satin Finish, Waterproof Formula, Pitch Black, 0.018 Fl Oz",$8.38,4.3
"Maybelline | Fit Me Matte + Poreless Pressed Face Powder Makeup & Setting Powder, Classic Ivory, 1 Count",$8.68,4.6
"IT | Cosmetics Your Skin But Better CC+ Cream Illumination - Color Correcting Cream, Full-Coverage Foundation, Hydrating Serum & SPF 50+ Sunscreen Radiant Finish 1.08 fl oz",$47.00,4.5
"NYX | PROFESSIONAL MAKEUP Butter Gloss, Non-Sticky Lip Gloss - Praline (Deep Nude)",$5.97,4.5
"L'Oreal | Paris Makeup Infallible Pro-Matte Liquid Longwear Foundation, 105 Natural Beige, 1 fl; oz.",$9.92,4.5
"CoverGirl | & Olay Simply Ageless 3-in-1 Liquid Foundation, Matte Finish, Hyaluronic & Vitamin C Formula, Cruelty Free, Creamy Natural, 1 Count",$14.52,4.5
"e.l.f. | Flawless Finish Foundation, Improves Uneven Skin Tone, Lightweight, Medium Coverage & Semi-Matte, Vegan & Cruelty-Free, Beige 0.68 Fl Oz",$6.00,4.3
"Garnier | Micellar Water For Waterproof Makeup, Hydrating Facial Cleanser & Makeup Remover, Suitable for Sensitive Skin, Vegan, Cruelty Free, 13.5 Fl Oz (400mL), 1 Count",$8.97,4.7
"Maybelline | Lash Sensational Washable Mascara, Lengthening and Volumizing for a Full Fan Effect, Blackest Black, 1 Count",$8.22,4.5
"e.l.f. | Power Grip Primer + 4% Niacinamide, Gel-Based & Hydrating Face Primer, Evens Skin & Brightens, Grips Makeup, Vegan & Cruelty-Free, 0.8 Fl Oz",$9.88,4.6
"e.l.f., | Matte Magic Mist & Set - Small, Lightweight, Long Lasting, Mattifying, Revitalizes, Controls Shine, Refreshes, Hydrates, All-Day Wear, 2.0 Fl Oz",$6.00,4.5
"Maybelline | Super Stay Vinyl Ink Longwear No-Budge Liquid Lipcolor Makeup, Highly Pigmented Color and Instant Shine, Lippy, Cranberry Red Lipstick, 0.14 fl oz, 1 Count",$9.98,4.3
"COVERGIRL+OLAY | Simply Ageless Instant Wrinkle-Defying Foundation, 205 Ivory",$11.47,4.5
"e.l.f. | Halo Glow Liquid Filter, Complexion Booster For A Glowing, Soft-Focus Look, Infused With Hyaluronic Acid, Vegan & Cruelty-Free, 5 Medium/Tan",$14.00,4.5
CeraVe | Cleansing Balm for Sensitive Skin | Hydrating Makeup Remover with Ceramides and Plant-based Jojoba Oil for Face | Non-Comedogenic Fragrance Free Non-Greasy |1.3 Ounces,$9.97,4.4
"e.l.f. | Perfect Finish HD Powder, Blurs Fine Lines & Imperfections, All Day Wear, Perfect for On The Go, 0.28 Oz",$6.00,4.4
"Almay | Anti-Aging Foundation, Smart Shade Face Makeup with Hyaluronic Acid, Niacinamide, Vitamin C & E, Hypoallergenic-Fragrance Free, 300 Medium, 1 Fl Oz (Pack of 1)",$6.79,4.3
"L'Oréal | Paris Makeup Magic Skin Beautifier BB Cream Tinted Moisturizer, Anti-Redness, 1 fl oz, 1 Count",$9.98,4.3
"CoverGirl | Aquasmooth SPF 20 Compact Foundation, 725 Buff Beige, 0.4 Ounce",$9.88,4.8
"Maybelline | New York Fit Me Liquid Concealer Makeup, Natural Coverage, Lightweight, Conceals, Covers Oil-Free, Fair, 1 Count (Packaging May Vary)",$6.90,4.4
"Maybelline | Fit Me Matte + Poreless Liquid Oil-Free Foundation Makeup, Classic Ivory, 1 Count (Packaging May Vary)",$8.62,4.5
"L'Oreal | Paris Colour Riche Original Creamy, Hydrating Satin Lipstick with Argan Oil and Vitamin E, Fairest Nude , 1 Count",$6.99,4.4
"L’Oreal | Paris Makeup Voluminous Original Volume Building Waterproof Mascara, Carbon Black, 0.23 Fl Oz",$8.98,4.4
